{
  "xgb": {
    "mae": 0.03746329701243029,
    "rmse": 0.04825281260033866,
    "r2": 0.9125630834693084
  },
  "lstm_demo": {
    "mae": 0.06428295214921795,
    "rmse": 0.07446692493762459,
    "r2": 0.08615031590612687
  }
}